{"Train Loss": 0.06090606583489312, "Train Accuracy": 0.9930555555555556, "Validation Loss": 2.040259838104248, "Validation Accuracy": 0.45, "_timestamp": 1709512864.2298627, "_runtime": 1204.183391571045, "_step": 799, "_wandb": {"runtime": 1202}}