{"Train Loss": 1.210679054260254, "Train Accuracy": 0.5046296296296297, "Validation Loss": 1.19638991355896, "Validation Accuracy": 0.55, "_timestamp": 1709516421.3128748, "_runtime": 1831.936271905899, "_step": 2749, "_wandb": {"runtime": 1830}}