{"Train Loss": 0.5463076697455512, "Train Accuracy": 0.8572530864197531, "Validation Loss": 1.9969711303710938, "Validation Accuracy": 0.3, "_timestamp": 1709507302.4182305, "_runtime": 248.54738664627075, "_step": 499, "_wandb": {"runtime": 247}}