{"Train Loss": 1.0565806494818792, "Train Accuracy": 0.5493827160493827, "Validation Loss": 1.2172801494598389, "Validation Accuracy": 0.45, "_timestamp": 1709511566.1229122, "_runtime": 672.9157612323761, "_step": 799, "_wandb": {"runtime": 671}}