{"Train Loss": 1.0538746515909831, "Train Accuracy": 0.54320987654321, "Validation Loss": 1.2551658153533936, "Validation Accuracy": 0.55, "_timestamp": 1709516934.4323351, "_runtime": 510.03817224502563, "_step": 799, "_wandb": {"runtime": 508}}