{"Train Loss": 0.0030002515349123213, "Train Accuracy": 1.0, "Validation Loss": 2.4959487915039062, "Validation Accuracy": 0.4, "_timestamp": 1709525000.0615904, "_runtime": 1660.499505519867, "_step": 499, "_wandb": {"runtime": 1659}}