{"Train Loss": 0.045988619327545166, "Train Accuracy": 1.0, "Validation Loss": 1.9675829410552979, "Validation Accuracy": 0.45, "_timestamp": 1709513014.514778, "_runtime": 638.9790179729462, "_step": 799, "_wandb": {"runtime": 637}}