{"Train Loss": 0.09112851487265693, "Train Accuracy": 0.9930555555555556, "Validation Loss": 5.001806735992432, "Validation Accuracy": 0.25, "_timestamp": 1709531414.9001753, "_runtime": 1603.635841369629, "_step": 1647}