{"Train Loss": 0.0009251537008417977, "Train Accuracy": 1.0, "Validation Loss": 2.472350835800171, "Validation Accuracy": 0.55, "_timestamp": 1709527030.816113, "_runtime": 2133.721199989319, "_step": 499, "_wandb": {"runtime": 2132}}