{"Train Loss": 1.205217679341634, "Train Accuracy": 0.5154320987654322, "Validation Loss": 1.1904100179672241, "Validation Accuracy": 0.55, "_timestamp": 1709528407.7315443, "_runtime": 469.7320601940155, "_step": 799, "_wandb": {"runtime": 468}}