{"Train Loss": 2.240560327967008e-05, "Train Accuracy": 1.0, "Validation Loss": 3.331364393234253, "Validation Accuracy": 0.4, "_timestamp": 1709511275.2821996, "_runtime": 691.7178826332092, "_step": 499, "_wandb": {"runtime": 690}}