{"Train Loss": 1.2014066908094618, "Train Accuracy": 0.49537037037037035, "Validation Loss": 1.0733451843261719, "Validation Accuracy": 0.55, "_timestamp": 1709528142.7755241, "_runtime": 403.3206651210785, "_step": 799, "_wandb": {"runtime": 402}}