{"Train Loss": 4.2057609082096154e-05, "Train Accuracy": 1.0, "Validation Loss": 5.1512932777404785, "Validation Accuracy": 0.25, "_timestamp": 1709526741.8580577, "_runtime": 1124.2651937007904, "_step": 499, "_wandb": {"runtime": 1123}}