{"Train Loss": 0.39472903145684135, "Train Accuracy": 0.9236111111111112, "Validation Loss": 1.7568591833114624, "Validation Accuracy": 0.35, "_timestamp": 1709498064.845505, "_runtime": 340.19390988349915, "_step": 429}