{"Train Loss": 1.0726154115464952, "Train Accuracy": 0.5408950617283951, "Validation Loss": 1.0915021896362305, "Validation Accuracy": 0.55, "_timestamp": 1709511585.961393, "_runtime": 4417.166046142578, "_step": 2749, "_wandb": {"runtime": 4415}}