{"Train Loss": 1.2127892176310222, "Train Accuracy": 0.5046296296296297, "Validation Loss": 1.1939404010772705, "Validation Accuracy": 0.55, "_timestamp": 1709512018.059332, "_runtime": 444.14241099357605, "_step": 499, "_wandb": {"runtime": 443}}