{"Train Loss": 1.2365731133355036, "Train Accuracy": 0.4884259259259259, "Validation Loss": 1.1963636875152588, "Validation Accuracy": 0.55, "_timestamp": 1709507164.1915882, "_runtime": 1349.6599690914154, "_step": 2749, "_wandb": {"runtime": 1349}}