{"Train Loss": 1.2183865441216364, "Train Accuracy": 0.5046296296296297, "Validation Loss": 1.192533254623413, "Validation Accuracy": 0.55, "_timestamp": 1709511568.0611458, "_runtime": 287.0122318267822, "_step": 499, "_wandb": {"runtime": 285}}