{"Train Loss": 1.2231080796983507, "Train Accuracy": 0.4992283950617284, "Validation Loss": 1.1888960599899292, "Validation Accuracy": 0.55, "_timestamp": 1709525229.3624742, "_runtime": 1162.7979791164398, "_step": 799, "_wandb": {"runtime": 1161}}