{"Train Loss": 0.0954013533062405, "Train Accuracy": 1.0, "Validation Loss": 2.192171573638916, "Validation Accuracy": 0.5, "_timestamp": 1709512369.7910523, "_runtime": 487.41517639160156, "_step": 799, "_wandb": {"runtime": 486}}