{"Train Loss": 0.039611107773251004, "Train Accuracy": 1.0, "Validation Loss": 26.59195327758789, "Validation Accuracy": 0.3, "_timestamp": 1709516429.0872927, "_runtime": 1392.7798347473145, "_step": 2749, "_wandb": {"runtime": 1391}}