{"Train Loss": 1.1011504067314997, "Train Accuracy": 0.5324074074074074, "Validation Loss": 1.211106777191162, "Validation Accuracy": 0.55, "_timestamp": 1709510888.8624213, "_runtime": 455.76760029792786, "_step": 799, "_wandb": {"runtime": 454}}