{"Train Loss": 0.11649857627020942, "Train Accuracy": 0.966820987654321, "Validation Loss": 1.8625965118408203, "Validation Accuracy": 0.4, "_timestamp": 1709521068.481212, "_runtime": 738.1305367946625, "_step": 799, "_wandb": {"runtime": 736}}