{"Train Loss": 1.2205695046318903, "Train Accuracy": 0.5046296296296297, "Validation Loss": 1.1951087713241577, "Validation Accuracy": 0.55, "_timestamp": 1709507516.1016088, "_runtime": 1099.9073028564453, "_step": 799, "_wandb": {"runtime": 1098}}