{"Train Loss": 0.03117903404765659, "Train Accuracy": 1.0, "Validation Loss": 2.1272096633911133, "Validation Accuracy": 0.5, "_timestamp": 1709532248.1367078, "_runtime": 270.7154986858368, "_step": 460}