{"Train Loss": 1.1021190219455295, "Train Accuracy": 0.5308641975308642, "Validation Loss": 1.1654341220855713, "Validation Accuracy": 0.55, "_timestamp": 1709496120.410938, "_runtime": 472.1568031311035, "_step": 1199, "_wandb": {"runtime": 472}}