{"Train Loss": 1.2408506235159519e-05, "Train Accuracy": 1.0, "Validation Loss": 3.444084644317627, "Validation Accuracy": 0.45, "_timestamp": 1709510578.0580318, "_runtime": 468.50223875045776, "_step": 499, "_wandb": {"runtime": 467}}