{"Train Loss": 1.1611327065361872, "Train Accuracy": 0.5007716049382717, "Validation Loss": 1.3176521062850952, "Validation Accuracy": 0.5, "_timestamp": 1709523677.3836963, "_runtime": 367.8281843662262, "_step": 799, "_wandb": {"runtime": 366}}