{"Train Loss": 1.2411983278062608, "Train Accuracy": 0.4776234567901234, "Validation Loss": 1.18845796585083, "Validation Accuracy": 0.55, "_timestamp": 1709527932.2318463, "_runtime": 365.70955634117126, "_step": 799, "_wandb": {"runtime": 364}}