{"Train Loss": 1.1845453050401475, "Train Accuracy": 0.49537037037037035, "Validation Loss": 1.186089038848877, "Validation Accuracy": 0.55, "_timestamp": 1709524583.3956974, "_runtime": 2273.71675825119, "_step": 2749, "_wandb": {"runtime": 2272}}