{"Train Loss": 1.2083316379123263, "Train Accuracy": 0.5100308641975309, "Validation Loss": 1.1903327703475952, "Validation Accuracy": 0.55, "_timestamp": 1709514763.9840238, "_runtime": 308.9802408218384, "_step": 799, "_wandb": {"runtime": 307}}