{"Train Loss": 1.2165982988145616, "Train Accuracy": 0.4992283950617284, "Validation Loss": 1.1949044466018677, "Validation Accuracy": 0.55, "_timestamp": 1709512778.0835288, "_runtime": 2408.4030368328094, "_step": 499, "_wandb": {"runtime": 2407}}