{"Train Loss": 1.2272165086534288, "Train Accuracy": 0.4938271604938272, "Validation Loss": 1.1921037435531616, "Validation Accuracy": 0.55, "_timestamp": 1709510110.1213727, "_runtime": 1268.0046136379242, "_step": 2749, "_wandb": {"runtime": 1266}}