{"Train Loss": 0.0009064712665147252, "Train Accuracy": 1.0, "Validation Loss": 4.522698879241943, "Validation Accuracy": 0.45, "_timestamp": 1709520485.586859, "_runtime": 1123.3641049861908, "_step": 799, "_wandb": {"runtime": 1122}}