{"Train Loss": 1.2121996349758573, "Train Accuracy": 0.5100308641975309, "Validation Loss": 1.1691384315490723, "Validation Accuracy": 0.55, "_timestamp": 1709499356.3654182, "_runtime": 1357.3588721752167, "_step": 2749, "_wandb": {"runtime": 1356}}