{"Train Loss": 0.06321800417370266, "Train Accuracy": 0.9930555555555556, "Validation Loss": 6.890656471252441, "Validation Accuracy": 0.35, "_timestamp": 1709527242.6025434, "_runtime": 1629.932534456253, "_step": 2749, "_wandb": {"runtime": 1628}}