{"Train Loss": 1.2251676983303494, "Train Accuracy": 0.4992283950617284, "Validation Loss": 1.1746165752410889, "Validation Accuracy": 0.55, "_timestamp": 1709497941.5251782, "_runtime": 1702.6272602081299, "_step": 2749, "_wandb": {"runtime": 1703}}