{"Train Loss": 1.1965718799167209, "Train Accuracy": 0.5146604938271605, "Validation Loss": 1.1850295066833496, "Validation Accuracy": 0.6, "_timestamp": 1709528403.5956, "_runtime": 255.8370509147644, "_step": 799, "_wandb": {"runtime": 254}}