{"Train Loss": 1.2304309209187825, "Train Accuracy": 0.4884259259259259, "Validation Loss": 1.1895954608917236, "Validation Accuracy": 0.55, "_timestamp": 1709527561.3267026, "_runtime": 252.75776648521423, "_step": 799, "_wandb": {"runtime": 251}}