{"Train Loss": 1.2037069532606337, "Train Accuracy": 1.1642920970916748, "Validation Loss": 0.5061728395061729, "Validation Accuracy": 0.55, "_timestamp": 1709493605.194262, "_runtime": 57.72677302360535, "_step": 193, "_wandb": {"runtime": 56}}