{"Train Loss": 0.8487970564100478, "Train Accuracy": 0.7098765432098766, "Validation Loss": 1.4339016675949097, "Validation Accuracy": 0.25, "_timestamp": 1709518113.143254, "_runtime": 1077.6693620681763, "_step": 799, "_wandb": {"runtime": 1076}}