{"Train Loss": 0.32312901814778644, "Train Accuracy": 0.9027777777777778, "Validation Loss": 4.050117015838623, "Validation Accuracy": 0.35, "_timestamp": 1709511872.965108, "_runtime": 1051.1908099651337, "_step": 2749, "_wandb": {"runtime": 1050}}