{"Train Loss": 0.14239427778455946, "Train Accuracy": 0.9737654320987654, "Validation Loss": 1.8910856246948242, "Validation Accuracy": 0.35, "_timestamp": 1709521620.7408075, "_runtime": 546.0023255348206, "_step": 799, "_wandb": {"runtime": 544}}