{"Train Loss": 1.2297530704074435, "Train Accuracy": 0.4938271604938272, "Validation Loss": 1.1851478815078735, "Validation Accuracy": 0.55, "_timestamp": 1709524061.303287, "_runtime": 773.2599041461945, "_step": 799, "_wandb": {"runtime": 771}}