{"Train Loss": 1.1870445675320096, "Train Accuracy": 0.5077160493827161, "Validation Loss": 1.1995315551757812, "Validation Accuracy": 0.55, "_timestamp": 1709484055.000554, "_runtime": 459.2952501773834, "_step": 1199}