{"Train Loss": 1.2117266125149198, "Train Accuracy": 0.5100308641975309, "Validation Loss": 1.190464735031128, "Validation Accuracy": 0.55, "_timestamp": 1709509413.6630862, "_runtime": 236.96930623054504, "_step": 799, "_wandb": {"runtime": 235}}