{"Train Loss": 9.218314921276437e-05, "Train Accuracy": 1.0, "Validation Loss": 2.4470443725585938, "Validation Accuracy": 0.4, "_timestamp": 1709517006.664086, "_runtime": 1091.2058382034302, "_step": 499, "_wandb": {"runtime": 1089}}