{"Train Loss": 0.09593431817160712, "Train Accuracy": 1.0, "Validation Loss": 1.5553041696548462, "Validation Accuracy": 0.5, "_timestamp": 1709514252.9303262, "_runtime": 538.2748303413391, "_step": 799, "_wandb": {"runtime": 537}}