{"Train Loss": 0.7230725288391113, "Train Accuracy": 0.73070987654321, "Validation Loss": 1.4906501770019531, "Validation Accuracy": 0.7, "_timestamp": 1709526955.4789677, "_runtime": 377.91761469841003, "_step": 799, "_wandb": {"runtime": 376}}