{"Train Loss": 0.0006653210665616724, "Train Accuracy": 1.0, "Validation Loss": 3.2196097373962402, "Validation Accuracy": 0.5, "_timestamp": 1709524891.0983467, "_runtime": 3294.120657682419, "_step": 499, "_wandb": {"runtime": 3292}}