{"Train Loss": 1.2261589898003473, "Train Accuracy": 0.5023148148148148, "Validation Loss": 1.2103558778762817, "Validation Accuracy": 0.55, "_timestamp": 1709496166.2916548, "_runtime": 39.586307764053345, "_step": 118}