{"Train Loss": 1.2065370347764757, "Train Accuracy": 0.5115740740740741, "Validation Loss": 1.1918915510177612, "Validation Accuracy": 0.55, "_timestamp": 1709525789.753594, "_runtime": 355.57513403892517, "_step": 799, "_wandb": {"runtime": 354}}