{"Train Loss": 1.022763146294488, "Train Accuracy": 0.6003086419753086, "Validation Loss": 1.3188918828964233, "Validation Accuracy": 0.55, "_timestamp": 1709507045.917232, "_runtime": 1336.7337760925293, "_step": 999, "_wandb": {"runtime": 1336}}