{"Train Loss": 0.00011494720820337534, "Train Accuracy": 1.0, "Validation Loss": 2.802715301513672, "Validation Accuracy": 0.5, "_timestamp": 1709517447.4135296, "_runtime": 436.57475066185, "_step": 499, "_wandb": {"runtime": 435}}