{"Train Loss": 1.0906683603922527, "Train Accuracy": 0.5200617283950617, "Validation Loss": 1.2035143375396729, "Validation Accuracy": 0.55, "_timestamp": 1709520713.6089437, "_runtime": 999.1328947544098, "_step": 2749, "_wandb": {"runtime": 997}}