{"Train Loss": 0.008580103516578674, "Train Accuracy": 1.0, "Validation Loss": 2.9102816581726074, "Validation Accuracy": 0.4, "_timestamp": 1709523334.129977, "_runtime": 1109.8939700126648, "_step": 499, "_wandb": {"runtime": 1108}}