{"Train Loss": 0.007630934317906697, "Train Accuracy": 1.0, "Validation Loss": 2.8838064670562744, "Validation Accuracy": 0.4, "_timestamp": 1709519356.4560304, "_runtime": 805.3570322990417, "_step": 799, "_wandb": {"runtime": 803}}