{"Train Loss": 0.15162502394782174, "Train Accuracy": 1.0, "Validation Loss": 1.728724718093872, "Validation Accuracy": 0.35, "_timestamp": 1709513117.4973152, "_runtime": 412.6514551639557, "_step": 499, "_wandb": {"runtime": 411}}