{"Train Loss": 0.018478555811776057, "Train Accuracy": 1.0, "Validation Loss": 1.5505480766296387, "Validation Accuracy": 0.5, "_timestamp": 1709514799.8489647, "_runtime": 960.9071757793427, "_step": 499, "_wandb": {"runtime": 959}}