{"Train Loss": 1.2148795657687717, "Train Accuracy": 0.5046296296296297, "Validation Loss": 1.192407488822937, "Validation Accuracy": 0.55, "_timestamp": 1709519797.7742949, "_runtime": 441.0971188545227, "_step": 499, "_wandb": {"runtime": 440}}