{"Train Loss": 0.6525947782728407, "Train Accuracy": 0.6921296296296297, "Validation Loss": 1.7914139032363892, "Validation Accuracy": 0.25, "_timestamp": 1709526571.345236, "_runtime": 510.1537170410156, "_step": 799, "_wandb": {"runtime": 508}}