{"Train Loss": 0.8468216790093316, "Train Accuracy": 0.6520061728395061, "Validation Loss": 1.297828197479248, "Validation Accuracy": 0.5, "_timestamp": 1709507147.9625952, "_runtime": 1357.5110552310944, "_step": 999, "_wandb": {"runtime": 1357}}