{"Train Loss": 1.2143679724799261, "Train Accuracy": 0.5046296296296297, "Validation Loss": 1.1915357112884521, "Validation Accuracy": 0.55, "_timestamp": 1709510364.6019983, "_runtime": 3212.1446022987366, "_step": 499, "_wandb": {"runtime": 3210}}