{"Train Loss": 1.2137817806667752, "Train Accuracy": 0.503858024691358, "Validation Loss": 1.208329439163208, "Validation Accuracy": 0.5, "_timestamp": 1709527729.8909209, "_runtime": 509.98636388778687, "_step": 799, "_wandb": {"runtime": 504}}