{"Train Loss": 0.5748852094014486, "Train Accuracy": 0.779320987654321, "Validation Loss": 1.724510908126831, "Validation Accuracy": 0.3, "_timestamp": 1709526843.266238, "_runtime": 330.93182492256165, "_step": 799, "_wandb": {"runtime": 329}}