{"Train Loss": 1.2334823608398438, "Train Accuracy": 0.4830246913580247, "Validation Loss": 1.1906338930130005, "Validation Accuracy": 0.55, "_timestamp": 1709510126.977413, "_runtime": 399.488627910614, "_step": 799, "_wandb": {"runtime": 393}}