{"Train Loss": 1.2377718819512262, "Train Accuracy": 0.4830246913580247, "Validation Loss": 1.1908756494522095, "Validation Accuracy": 0.55, "_timestamp": 1709511162.4542174, "_runtime": 936.2183504104614, "_step": 799, "_wandb": {"runtime": 935}}