{"Train Loss": 1.2266740798950195, "Train Accuracy": 0.4992283950617284, "Validation Loss": 1.2124669551849365, "Validation Accuracy": 0.55, "_timestamp": 1709522791.5877085, "_runtime": 1101.2813565731049, "_step": 799, "_wandb": {"runtime": 1100}}