{"Train Loss": 1.2121772766113281, "Train Accuracy": 0.5046296296296297, "Validation Loss": 1.188560128211975, "Validation Accuracy": 0.55, "_timestamp": 1709521685.2503624, "_runtime": 748.324339389801, "_step": 799, "_wandb": {"runtime": 747}}