{"Train Loss": 1.2225337558322482, "Train Accuracy": 0.4992283950617284, "Validation Loss": 1.1913148164749146, "Validation Accuracy": 0.55, "_timestamp": 1709508730.3894825, "_runtime": 302.86666345596313, "_step": 799, "_wandb": {"runtime": 301}}