{"Train Loss": 0.47595993677775067, "Train Accuracy": 0.8402777777777778, "Validation Loss": 1.4416612386703491, "Validation Accuracy": 0.4, "_timestamp": 1709531367.6299133, "_runtime": 3217.869640350342, "_step": 499, "_wandb": {"runtime": 3213}}