{"Train Loss": 1.2105588912963867, "Train Accuracy": 0.5046296296296297, "Validation Loss": 1.2005900144577026, "Validation Accuracy": 0.55, "_timestamp": 1709529743.8202884, "_runtime": 1334.153662443161, "_step": 799, "_wandb": {"runtime": 1332}}