{"Train Loss": 1.133884112040202, "Train Accuracy": 0.5046296296296297, "Validation Loss": 1.3141467571258545, "Validation Accuracy": 0.55, "_timestamp": 1709506817.880746, "_runtime": 313.58894991874695, "_step": 799, "_wandb": {"runtime": 312}}