{"Train Loss": 0.7257471084594727, "Train Accuracy": 0.7322530864197531, "Validation Loss": 1.4277199506759644, "Validation Accuracy": 0.5, "_timestamp": 1709527214.159152, "_runtime": 254.3056890964508, "_step": 799, "_wandb": {"runtime": 253}}