{"Train Loss": 1.2172381083170574, "Train Accuracy": 0.5046296296296297, "Validation Loss": 1.1893084049224854, "Validation Accuracy": 0.55, "_timestamp": 1709508937.3803294, "_runtime": 525.5655624866486, "_step": 799, "_wandb": {"runtime": 524}}