{"Train Loss": 0.39484381675720215, "Train Accuracy": 0.8834876543209877, "Validation Loss": 1.791904091835022, "Validation Accuracy": 0.5, "_timestamp": 1709527303.5109687, "_runtime": 454.1639177799225, "_step": 799, "_wandb": {"runtime": 452}}