{"Train Loss": 0.0972152551015218, "Train Accuracy": 1.0, "Validation Loss": 1.884530782699585, "Validation Accuracy": 0.5, "_timestamp": 1709522218.4743695, "_runtime": 629.1803386211395, "_step": 499, "_wandb": {"runtime": 627}}