{"Train Loss": 0.9296936459011502, "Train Accuracy": 0.6419753086419753, "Validation Loss": 1.1049470901489258, "Validation Accuracy": 0.45, "_timestamp": 1709517030.4808228, "_runtime": 721.346010684967, "_step": 799, "_wandb": {"runtime": 720}}