{"Train Loss": 1.0067178938123915, "Train Accuracy": 0.5547839506172839, "Validation Loss": 1.6498886346817017, "Validation Accuracy": 0.1, "_timestamp": 1709530378.8978028, "_runtime": 30.117795944213867, "_step": 11}