{"Train Loss": 1.2262579600016277, "Train Accuracy": 0.4938271604938272, "Validation Loss": 1.1909451484680176, "Validation Accuracy": 0.55, "_timestamp": 1709512698.9782457, "_runtime": 676.0381717681885, "_step": 499, "_wandb": {"runtime": 674}}