{"Train Loss": 0.08758231666353014, "Train Accuracy": 0.9930555555555556, "Validation Loss": 3.1127727031707764, "Validation Accuracy": 0.3, "_timestamp": 1709518544.662371, "_runtime": 425.9345488548279, "_step": 799, "_wandb": {"runtime": 424}}