{"Train Loss": 1.2586273617214627, "Train Accuracy": 0.4884259259259259, "Validation Loss": 1.152052640914917, "Validation Accuracy": 0.55, "_timestamp": 1709498069.073652, "_runtime": 119.24565601348877, "_step": 335}