{"Train Loss": 1.167069435119629, "Train Accuracy": 0.5007716049382717, "Validation Loss": 1.236804723739624, "Validation Accuracy": 0.55, "_timestamp": 1709510427.664472, "_runtime": 294.5935900211334, "_step": 799, "_wandb": {"runtime": 293}}