{"Train Loss": 1.0024371676974826, "Train Accuracy": 0.5756172839506173, "Validation Loss": 1.14863121509552, "Validation Accuracy": 0.5, "_timestamp": 1709499309.6403859, "_runtime": 1326.0813629627228, "_step": 999, "_wandb": {"runtime": 1325}}