{"Train Loss": 1.3628143480875426e-05, "Train Accuracy": 1.0, "Validation Loss": 2.8734817504882812, "Validation Accuracy": 0.55, "_timestamp": 1709519351.6544368, "_runtime": 1072.354496717453, "_step": 499, "_wandb": {"runtime": 1071}}