{"Train Loss": 1.2085036171807184, "Train Accuracy": 0.5100308641975309, "Validation Loss": 1.1884361505508423, "Validation Accuracy": 0.55, "_timestamp": 1709526056.433761, "_runtime": 261.2500088214874, "_step": 799, "_wandb": {"runtime": 260}}