{"Train Loss": 1.2597408294677734, "Train Accuracy": 0.4938271604938272, "Validation Loss": 1.1707738637924194, "Validation Accuracy": 0.55, "_timestamp": 1709500754.8686678, "_runtime": 497.35418581962585, "_step": 1688, "_wandb": {"runtime": 496}}