{"Train Loss": 0.0595281720161438, "Train Accuracy": 1.0, "Validation Loss": 1.799242377281189, "Validation Accuracy": 0.3, "_timestamp": 1709513833.09374, "_runtime": 711.4035730361938, "_step": 499, "_wandb": {"runtime": 710}}