{"Train Loss": 1.2029464509752061, "Train Accuracy": 0.474537037037037, "Validation Loss": 1.2205841541290283, "Validation Accuracy": 0.45, "_timestamp": 1709525460.7573879, "_runtime": 226.93955278396606, "_step": 799, "_wandb": {"runtime": 225}}