{"Train Loss": 1.2155911127726238, "Train Accuracy": 0.4938271604938272, "Validation Loss": 1.1818532943725586, "Validation Accuracy": 0.55, "_timestamp": 1709507149.0683105, "_runtime": 1432.606336593628, "_step": 2749, "_wandb": {"runtime": 1432}}