{"Train Loss": 1.203364372253418, "Train Accuracy": 0.5046296296296297, "Validation Loss": 1.1908199787139893, "Validation Accuracy": 0.55, "_timestamp": 1709513828.7936926, "_runtime": 490.0478775501251, "_step": 799, "_wandb": {"runtime": 488}}