{"Train Loss": 1.220365736219618, "Train Accuracy": 0.4992283950617284, "Validation Loss": 1.191355586051941, "Validation Accuracy": 0.55, "_timestamp": 1709528998.7649689, "_runtime": 345.21352195739746, "_step": 799, "_wandb": {"runtime": 344}}