{"Train Loss": 0.12969895203908285, "Train Accuracy": 0.9652777777777778, "Validation Loss": 9.680791854858398, "Validation Accuracy": 0.45, "_timestamp": 1709529420.7401197, "_runtime": 2172.060204744339, "_step": 2749, "_wandb": {"runtime": 2170}}