{"Train Loss": 1.2228239907158747, "Train Accuracy": 0.4992283950617284, "Validation Loss": 1.1894152164459229, "Validation Accuracy": 0.55, "_timestamp": 1709528649.369271, "_runtime": 236.83911800384521, "_step": 799, "_wandb": {"runtime": 235}}