{"Train Loss": 0.0001507686037156317, "Train Accuracy": 1.0, "Validation Loss": 2.906048536300659, "Validation Accuracy": 0.55, "_timestamp": 1709515911.3575501, "_runtime": 700.1885731220245, "_step": 499, "_wandb": {"runtime": 698}}