{"Train Loss": 1.165283415052626, "Train Accuracy": 0.5285493827160495, "Validation Loss": 1.1269618272781372, "Validation Accuracy": 0.55, "_timestamp": 1709506276.4573934, "_runtime": 591.4886972904205, "_step": 1199, "_wandb": {"runtime": 591}}