{"Train Loss": 1.1486356523301866, "Train Accuracy": 0.5115740740740741, "Validation Loss": 1.164171814918518, "Validation Accuracy": 0.55, "_timestamp": 1709514584.3081977, "_runtime": 2992.529467821121, "_step": 2749, "_wandb": {"runtime": 2990}}