{"Train Loss": 1.1852532492743597, "Train Accuracy": 0.4660493827160494, "Validation Loss": 1.3885746002197266, "Validation Accuracy": 0.45, "_timestamp": 1709506499.1376836, "_runtime": 214.75171065330505, "_step": 799, "_wandb": {"runtime": 213}}