{"Train Loss": 1.2089644538031683, "Train Accuracy": 0.4884259259259259, "Validation Loss": 1.193006992340088, "Validation Accuracy": 0.55, "_timestamp": 1709507210.3206599, "_runtime": 385.1354959011078, "_step": 799, "_wandb": {"runtime": 383}}