{"Train Loss": 1.230436748928494, "Train Accuracy": 0.4938271604938272, "Validation Loss": 1.1902282238006592, "Validation Accuracy": 0.55, "_timestamp": 1709517660.8896775, "_runtime": 3694.0278675556183, "_step": 499, "_wandb": {"runtime": 3692}}