{"Train Loss": 1.2275418175591364, "Train Accuracy": 0.4884259259259259, "Validation Loss": 1.191272497177124, "Validation Accuracy": 0.55, "_timestamp": 1709519943.3063245, "_runtime": 574.542019367218, "_step": 799, "_wandb": {"runtime": 573}}