{"Train Loss": 0.019926706949869793, "Train Accuracy": 1.0, "Validation Loss": 2.6932616233825684, "Validation Accuracy": 0.5, "_timestamp": 1709513709.2060523, "_runtime": 839.1885004043579, "_step": 799, "_wandb": {"runtime": 838}}