{"Train Loss": 1.2342628902859158, "Train Accuracy": 0.4884259259259259, "Validation Loss": 1.1841535568237305, "Validation Accuracy": 0.55, "_timestamp": 1709515212.6875472, "_runtime": 443.7846431732178, "_step": 799, "_wandb": {"runtime": 437}}