{"Train Loss": 0.1419563823276096, "Train Accuracy": 0.9583333333333334, "Validation Loss": 11.7068452835083, "Validation Accuracy": 0.6, "_timestamp": 1709523747.2892609, "_runtime": 3032.1148488521576, "_step": 2749, "_wandb": {"runtime": 3031}}