{"Train Loss": 1.2146217558119032, "Train Accuracy": 0.5046296296296297, "Validation Loss": 1.18658447265625, "Validation Accuracy": 0.55, "_timestamp": 1709509172.6716928, "_runtime": 436.01179695129395, "_step": 799, "_wandb": {"runtime": 434}}