{"Train Loss": 1.226453463236491, "Train Accuracy": 0.4884259259259259, "Validation Loss": 1.1915827989578247, "Validation Accuracy": 0.55, "_timestamp": 1709520325.5672667, "_runtime": 377.4365186691284, "_step": 799, "_wandb": {"runtime": 376}}