{"Train Loss": 0.10662600729200575, "Train Accuracy": 1.0, "Validation Loss": 2.33670711517334, "Validation Accuracy": 0.45, "_timestamp": 1709508403.4424443, "_runtime": 639.8886692523956, "_step": 499, "_wandb": {"runtime": 638}}