{"Train Loss": 9.392781875148001e-06, "Train Accuracy": 1.0, "Validation Loss": 3.7824559211730957, "Validation Accuracy": 0.35, "_timestamp": 1709530342.2474713, "_runtime": 1346.1684334278107, "_step": 499, "_wandb": {"runtime": 1344}}