{"Train Loss": 1.0780150095621746, "Train Accuracy": 0.5632716049382717, "Validation Loss": 1.1774855852127075, "Validation Accuracy": 0.45, "_timestamp": 1709516419.491994, "_runtime": 873.8149988651276, "_step": 799, "_wandb": {"runtime": 872}}