{"Train Loss": 0.3140985171000163, "Train Accuracy": 0.933641975308642, "Validation Loss": 1.6925630569458008, "Validation Accuracy": 0.5, "_timestamp": 1709511877.2408726, "_runtime": 306.7472496032715, "_step": 799, "_wandb": {"runtime": 305}}