{"Train Loss": 5.860035566406118e-05, "Train Accuracy": 1.0, "Validation Loss": 2.9474730491638184, "Validation Accuracy": 0.35, "_timestamp": 1709528990.6502044, "_runtime": 660.690324306488, "_step": 499, "_wandb": {"runtime": 659}}