{"Train Loss": 1.179793357849121, "Train Accuracy": 0.5100308641975309, "Validation Loss": 1.1811137199401855, "Validation Accuracy": 0.55, "_timestamp": 1709508836.729493, "_runtime": 988.2624938488007, "_step": 2749, "_wandb": {"runtime": 987}}