{"Train Loss": 1.018297831217448, "Train Accuracy": 0.6157407407407408, "Validation Loss": 1.1937118768692017, "Validation Accuracy": 0.4, "_timestamp": 1709516304.3410902, "_runtime": 436.3372972011566, "_step": 799, "_wandb": {"runtime": 435}}