{"Train Loss": 0.009820116062959036, "Train Accuracy": 1.0, "Validation Loss": 4.327937126159668, "Validation Accuracy": 0.35, "_timestamp": 1709525607.4434412, "_runtime": 1018.2096140384674, "_step": 2749, "_wandb": {"runtime": 1016}}