{"Train Loss": 1.22148863474528, "Train Accuracy": 0.4992283950617284, "Validation Loss": 1.1900742053985596, "Validation Accuracy": 0.55, "_timestamp": 1709531166.56771, "_runtime": 507.0407099723816, "_step": 799, "_wandb": {"runtime": 505}}