{"Train Loss": 0.19966088400946724, "Train Accuracy": 0.9444444444444444, "Validation Loss": 11.775156021118164, "Validation Accuracy": 0.25, "_timestamp": 1709513182.1643825, "_runtime": 1302.7535965442657, "_step": 2749, "_wandb": {"runtime": 1301}}