{"Train Loss": 1.2170687781439886, "Train Accuracy": 0.5046296296296297, "Validation Loss": 1.1919877529144287, "Validation Accuracy": 0.55, "_timestamp": 1709517665.7547224, "_runtime": 725.1394064426422, "_step": 799, "_wandb": {"runtime": 723}}