{"Train Loss": 1.163962894015842, "Train Accuracy": 0.5131172839506173, "Validation Loss": 1.1466834545135498, "Validation Accuracy": 0.5, "_timestamp": 1709494089.613564, "_runtime": 357.4977879524231, "_step": 1199, "_wandb": {"runtime": 969}}