{"Train Loss": 1.131550047132704, "Train Accuracy": 0.4938271604938272, "Validation Loss": 1.2518895864486694, "Validation Accuracy": 0.55, "_timestamp": 1709523305.415595, "_runtime": 566.0737509727478, "_step": 799, "_wandb": {"runtime": 564}}