{"Train Loss": 1.2203710344102647, "Train Accuracy": 0.4992283950617284, "Validation Loss": 1.1892486810684204, "Validation Accuracy": 0.55, "_timestamp": 1709508421.7508876, "_runtime": 232.14494967460632, "_step": 799, "_wandb": {"runtime": 230}}