{"Train Loss": 1.224416732788086, "Train Accuracy": 0.4938271604938272, "Validation Loss": 1.1892130374908447, "Validation Accuracy": 0.55, "_timestamp": 1709513331.585968, "_runtime": 311.7631869316101, "_step": 799, "_wandb": {"runtime": 310}}