{"Train Loss": 1.2086541917588975, "Train Accuracy": 0.5100308641975309, "Validation Loss": 1.19191575050354, "Validation Accuracy": 0.55, "_timestamp": 1709517197.2510474, "_runtime": 762.9224653244019, "_step": 2749, "_wandb": {"runtime": 761}}