{"Train Loss": 1.2230318917168512, "Train Accuracy": 0.4992283950617284, "Validation Loss": 1.190686821937561, "Validation Accuracy": 0.55, "_timestamp": 1709518589.328742, "_runtime": 362.66304898262024, "_step": 799, "_wandb": {"runtime": 361}}