{"Train Loss": 7.601352667229043e-05, "Train Accuracy": 1.0, "Validation Loss": 3.7856197357177734, "Validation Accuracy": 0.35, "_timestamp": 1709510103.7153475, "_runtime": 272.3385136127472, "_step": 499, "_wandb": {"runtime": 271}}