{"Train Loss": 1.1762613720364041, "Train Accuracy": 0.49074074074074076, "Validation Loss": 1.2932599782943726, "Validation Accuracy": 0.55, "_timestamp": 1709525790.4541059, "_runtime": 324.9418168067932, "_step": 799, "_wandb": {"runtime": 323}}