{"Train Loss": 0.09771574205822414, "Train Accuracy": 0.9722222222222222, "Validation Loss": 11.232423782348633, "Validation Accuracy": 0.3, "_timestamp": 1709529805.5365458, "_runtime": 4324.046256780624, "_step": 2749, "_wandb": {"runtime": 4323}}