{"Train Loss": 1.2148626115587022, "Train Accuracy": 0.5046296296296297, "Validation Loss": 1.192479133605957, "Validation Accuracy": 0.55, "_timestamp": 1709518220.3385386, "_runtime": 549.0275137424469, "_step": 799, "_wandb": {"runtime": 547}}