{"Train Loss": 1.218727747599284, "Train Accuracy": 0.4992283950617284, "Validation Loss": 1.1881444454193115, "Validation Accuracy": 0.55, "_timestamp": 1709515863.5621202, "_runtime": 645.8762180805206, "_step": 799, "_wandb": {"runtime": 644}}