{"Train Loss": 0.35440651575724286, "Train Accuracy": 0.9305555555555556, "Validation Loss": 1.4228819608688354, "Validation Accuracy": 0.5, "_timestamp": 1709521949.604399, "_runtime": 323.5564410686493, "_step": 799, "_wandb": {"runtime": 322}}