{"Train Loss": 1.2203725179036458, "Train Accuracy": 0.5046296296296297, "Validation Loss": 1.1928019523620605, "Validation Accuracy": 0.55, "_timestamp": 1709530653.7509506, "_runtime": 904.9334025382996, "_step": 799, "_wandb": {"runtime": 903}}