{"Train Loss": 1.3914007771139344e-05, "Train Accuracy": 1.0, "Validation Loss": 3.1017873287200928, "Validation Accuracy": 0.5, "_timestamp": 1709528324.5196261, "_runtime": 1577.334507226944, "_step": 499, "_wandb": {"runtime": 1576}}