{"Train Loss": 0.0688466297255622, "Train Accuracy": 0.9930555555555556, "Validation Loss": 1.8656833171844482, "Validation Accuracy": 0.3, "_timestamp": 1709531971.3926182, "_runtime": 598.3803040981293, "_step": 499, "_wandb": {"runtime": 597}}