{"Train Loss": 1.231736077202691, "Train Accuracy": 0.4922839506172839, "Validation Loss": 1.141355276107788, "Validation Accuracy": 0.55, "_timestamp": 1709530381.5655527, "_runtime": 26.237468719482422, "_step": 23}