{"Train Loss": 1.1279433568318684, "Train Accuracy": 0.5131172839506173, "Validation Loss": 1.1177468299865723, "Validation Accuracy": 0.55, "_timestamp": 1709518299.7555077, "_runtime": 1097.8512947559357, "_step": 2749, "_wandb": {"runtime": 1096}}