{"Train Loss": 0.000701851366708676, "Train Accuracy": 1.0, "Validation Loss": 4.337527751922607, "Validation Accuracy": 0.35, "_timestamp": 1709509157.624986, "_runtime": 459.1621398925781, "_step": 499, "_wandb": {"runtime": 457}}