{"Train Loss": 1.1903263727823894, "Train Accuracy": 0.49537037037037035, "Validation Loss": 1.1907808780670166, "Validation Accuracy": 0.55, "_timestamp": 1709506411.3689618, "_runtime": 608.5728259086609, "_step": 1199, "_wandb": {"runtime": 608}}