{"Train Loss": 1.2342888514200847, "Train Accuracy": 0.4992283950617284, "Validation Loss": 1.1947036981582642, "Validation Accuracy": 0.55, "_timestamp": 1709531295.6638544, "_runtime": 124.00930428504944, "_step": 72}