{"Train Loss": 1.178993648952908, "Train Accuracy": 0.48996913580246915, "Validation Loss": 1.1582022905349731, "Validation Accuracy": 0.5, "_timestamp": 1709520703.858101, "_runtime": 4277.539783000946, "_step": 2749, "_wandb": {"runtime": 4276}}