{"Train Loss": 1.1861952675713434, "Train Accuracy": 0.5108024691358025, "Validation Loss": 1.222791075706482, "Validation Accuracy": 0.55, "_timestamp": 1709526262.1994917, "_runtime": 466.5701518058777, "_step": 799, "_wandb": {"runtime": 465}}