{"Train Loss": 1.2306760152180989, "Train Accuracy": 0.4884259259259259, "Validation Loss": 1.1884734630584717, "Validation Accuracy": 0.55, "_timestamp": 1709511653.4339194, "_runtime": 486.54168152809143, "_step": 799, "_wandb": {"runtime": 485}}