{"Train Loss": 1.1183120939466689, "Train Accuracy": 0.5146604938271605, "Validation Loss": 1.206921935081482, "Validation Accuracy": 0.55, "_timestamp": 1709515538.9285176, "_runtime": 1280.2711346149445, "_step": 799, "_wandb": {"runtime": 1279}}