{"Train Loss": 1.2027864456176758, "Train Accuracy": 0.5154320987654322, "Validation Loss": 1.1904352903366089, "Validation Accuracy": 0.55, "_timestamp": 1709509722.9849477, "_runtime": 304.5150487422943, "_step": 799, "_wandb": {"runtime": 303}}