{"Train Loss": 0.0002198707726266649, "Train Accuracy": 1.0, "Validation Loss": 2.956890821456909, "Validation Accuracy": 0.55, "_timestamp": 1709509825.225644, "_runtime": 662.6728670597076, "_step": 499, "_wandb": {"runtime": 661}}