{"Train Loss": 1.2393989562988281, "Train Accuracy": 0.4830246913580247, "Validation Loss": 1.1904358863830566, "Validation Accuracy": 0.55, "_timestamp": 1709529477.4556224, "_runtime": 472.9338254928589, "_step": 799, "_wandb": {"runtime": 471}}