{"Train Loss": 0.6239199108547635, "Train Accuracy": 0.8140432098765432, "Validation Loss": 1.167805790901184, "Validation Accuracy": 0.45, "_timestamp": 1709507757.6149344, "_runtime": 326.4250874519348, "_step": 799, "_wandb": {"runtime": 325}}