{"Train Loss": 0.00024773920368817117, "Train Accuracy": 1.0, "Validation Loss": 1.7981233596801758, "Validation Accuracy": 0.55, "_timestamp": 1709528144.0435429, "_runtime": 1107.6844699382782, "_step": 499, "_wandb": {"runtime": 1106}}