{"Train Loss": 0.5834844377305772, "Train Accuracy": 0.8364197530864197, "Validation Loss": 1.379956603050232, "Validation Accuracy": 0.5, "_timestamp": 1709526507.254739, "_runtime": 238.68195605278015, "_step": 799, "_wandb": {"runtime": 237}}