{"Train Loss": 0.3417227798038059, "Train Accuracy": 0.9251543209876544, "Validation Loss": 2.1186914443969727, "Validation Accuracy": 0.35, "_timestamp": 1709508183.5715156, "_runtime": 420.3305335044861, "_step": 799, "_wandb": {"runtime": 419}}