{"Train Loss": 2.4857772384873693e-05, "Train Accuracy": 1.0, "Validation Loss": 4.314416408538818, "Validation Accuracy": 0.3, "_timestamp": 1709521591.5167723, "_runtime": 1220.3360421657562, "_step": 499, "_wandb": {"runtime": 1219}}