{"Train Loss": 0.03772056433889601, "Train Accuracy": 0.9930555555555556, "Validation Loss": 8.132782936096191, "Validation Accuracy": 0.3, "_timestamp": 1709515030.5224755, "_runtime": 1101.637701511383, "_step": 2749, "_wandb": {"runtime": 1100}}