{"Train Loss": 0.07552306519614325, "Train Accuracy": 1.0, "Validation Loss": 3.190467357635498, "Validation Accuracy": 0.3, "_timestamp": 1709510815.616232, "_runtime": 700.5266418457031, "_step": 2749, "_wandb": {"runtime": 699}}