{"Train Loss": 1.1349173651801214, "Train Accuracy": 0.5478395061728395, "Validation Loss": 1.3830705881118774, "Validation Accuracy": 0.35, "_timestamp": 1709500753.509333, "_runtime": 499.165766954422, "_step": 658, "_wandb": {"runtime": 498}}