{"Train Loss": 1.2302932739257812, "Train Accuracy": 0.4884259259259259, "Validation Loss": 1.190673828125, "Validation Accuracy": 0.55, "_timestamp": 1709519363.102085, "_runtime": 769.0448632240295, "_step": 799, "_wandb": {"runtime": 767}}