{"Train Loss": 0.5800520579020182, "Train Accuracy": 0.7654320987654322, "Validation Loss": 1.5374583005905151, "Validation Accuracy": 0.3, "_timestamp": 1709507426.835476, "_runtime": 211.57758402824402, "_step": 799, "_wandb": {"runtime": 210}}