{"Train Loss": 1.2353389528062608, "Train Accuracy": 0.4884259259259259, "Validation Loss": 1.1883385181427002, "Validation Accuracy": 0.55, "_timestamp": 1709520930.8123274, "_runtime": 439.0914933681488, "_step": 799, "_wandb": {"runtime": 437}}