{"Train Loss": 0.6403754552205404, "Train Accuracy": 0.7723765432098766, "Validation Loss": 1.826920509338379, "Validation Accuracy": 0.35, "_timestamp": 1709497717.60603, "_runtime": 217.26881504058838, "_step": 499, "_wandb": {"runtime": 216}}