{"Train Loss": 0.2786848015255398, "Train Accuracy": 0.9722222222222222, "Validation Loss": 1.748705506324768, "Validation Accuracy": 0.3, "_timestamp": 1709507758.643115, "_runtime": 452.07023310661316, "_step": 499, "_wandb": {"runtime": 450}}