{"Train Loss": 1.1694788402981229, "Train Accuracy": 0.4884259259259259, "Validation Loss": 1.201232671737671, "Validation Accuracy": 0.55, "_timestamp": 1709495178.2684002, "_runtime": 391.6338572502136, "_step": 1199, "_wandb": {"runtime": 391}}