{"Train Loss": 1.210614840189616, "Train Accuracy": 0.5046296296296297, "Validation Loss": 1.19425630569458, "Validation Accuracy": 0.55, "_timestamp": 1709520550.910858, "_runtime": 748.3563988208771, "_step": 499, "_wandb": {"runtime": 747}}