{"Train Loss": 1.1911679373847113, "Train Accuracy": 0.4992283950617284, "Validation Loss": 1.3011987209320068, "Validation Accuracy": 0.45, "_timestamp": 1709495238.811755, "_runtime": 53.125563859939575, "_step": 245}