{"Train Loss": 1.2227544784545898, "Train Accuracy": 0.4938271604938272, "Validation Loss": 1.193602204322815, "Validation Accuracy": 0.55, "_timestamp": 1709530381.6727326, "_runtime": 955.6339755058289, "_step": 2513}