{"Train Loss": 1.5562409923101466e-05, "Train Accuracy": 1.0, "Validation Loss": 2.7731385231018066, "Validation Accuracy": 0.4, "_timestamp": 1709518273.4740915, "_runtime": 821.676043510437, "_step": 499, "_wandb": {"runtime": 820}}