{"Train Loss": 0.025144901540544298, "Train Accuracy": 0.9930555555555556, "Validation Loss": 3.248323440551758, "Validation Accuracy": 0.25, "_timestamp": 1709520365.558176, "_runtime": 2700.0537950992584, "_step": 499, "_wandb": {"runtime": 2698}}