{"Train Loss": 1.232431411743164, "Train Accuracy": 0.4830246913580247, "Validation Loss": 1.1841742992401123, "Validation Accuracy": 0.55, "_timestamp": 1709521578.013562, "_runtime": 1022.1551649570465, "_step": 499, "_wandb": {"runtime": 1020}}