{"Train Loss": 1.222476111518012, "Train Accuracy": 0.4992283950617284, "Validation Loss": 1.1880402565002441, "Validation Accuracy": 0.55, "_timestamp": 1709513922.6614485, "_runtime": 735.5040364265442, "_step": 2749, "_wandb": {"runtime": 734}}