{"Train Loss": 0.793701277838813, "Train Accuracy": 0.6466049382716049, "Validation Loss": 1.5084302425384521, "Validation Accuracy": 0.5, "_timestamp": 1709514450.8216038, "_runtime": 615.910190820694, "_step": 799, "_wandb": {"runtime": 614}}