{"Train Loss": 1.1917135450575087, "Train Accuracy": 0.48996913580246915, "Validation Loss": 1.1716378927230835, "Validation Accuracy": 0.55, "_timestamp": 1709522304.7442029, "_runtime": 1586.259323835373, "_step": 2749, "_wandb": {"runtime": 1585}}