{"Train Loss": 0.0012006358140044743, "Train Accuracy": 1.0, "Validation Loss": 3.24434232711792, "Validation Accuracy": 0.4, "_timestamp": 1709515206.919424, "_runtime": 401.6446580886841, "_step": 499, "_wandb": {"runtime": 400}}