{"Train Loss": 1.218602392408583, "Train Accuracy": 0.5046296296296297, "Validation Loss": 1.191404104232788, "Validation Accuracy": 0.55, "_timestamp": 1709525474.7971992, "_runtime": 1721.9527921676636, "_step": 2749, "_wandb": {"runtime": 1720}}