{"Train Loss": 0.004652529540989134, "Train Accuracy": 1.0, "Validation Loss": 3.5877909660339355, "Validation Accuracy": 0.35, "_timestamp": 1709508692.6845946, "_runtime": 283.04568457603455, "_step": 499, "_wandb": {"runtime": 281}}