{"Train Loss": 1.221486939324273, "Train Accuracy": 0.4992283950617284, "Validation Loss": 1.1951006650924683, "Validation Accuracy": 0.55, "_timestamp": 1709508405.4223485, "_runtime": 883.3946254253387, "_step": 799, "_wandb": {"runtime": 882}}