{"Train Loss": 0.0006084804319673114, "Train Accuracy": 1.0, "Validation Loss": 2.4211387634277344, "Validation Accuracy": 0.4, "_timestamp": 1709525613.3501878, "_runtime": 606.8518466949463, "_step": 499, "_wandb": {"runtime": 605}}