{"Train Loss": 1.2132623460557725, "Train Accuracy": 0.5092592592592592, "Validation Loss": 1.3047726154327393, "Validation Accuracy": 0.55, "_timestamp": 1709522733.6708736, "_runtime": 779.4583177566528, "_step": 799, "_wandb": {"runtime": 778}}