{"Train Loss": 1.0280931260850694, "Train Accuracy": 0.5825617283950617, "Validation Loss": 1.190226435661316, "Validation Accuracy": 0.55, "_timestamp": 1709510220.037721, "_runtime": 1277.7990469932556, "_step": 799, "_wandb": {"runtime": 1276}}