{"Train Loss": 1.2174767388237848, "Train Accuracy": 0.5046296296296297, "Validation Loss": 1.192439079284668, "Validation Accuracy": 0.55, "_timestamp": 1709524205.4669602, "_runtime": 522.6330392360687, "_step": 799, "_wandb": {"runtime": 521}}