{"Train Loss": 1.0396255917019315, "Train Accuracy": 0.5231481481481481, "Validation Loss": 1.1185972690582275, "Validation Accuracy": 0.45, "_timestamp": 1709519708.9727767, "_runtime": 1401.5229005813599, "_step": 2749, "_wandb": {"runtime": 1399}}