{"Train Loss": 1.1985897488064237, "Train Accuracy": 0.4938271604938272, "Validation Loss": 1.1711435317993164, "Validation Accuracy": 0.55, "_timestamp": 1709507840.2880092, "_runtime": 684.8692371845245, "_step": 2749, "_wandb": {"runtime": 683}}