{"Train Loss": 1.7199923197428386, "Train Accuracy": 0.3410493827160494, "Validation Loss": 3.026400089263916, "Validation Accuracy": 0.3, "_timestamp": 1709496361.970867, "_runtime": 137.20640301704407, "_step": 93}