{"Train Loss": 1.2149809731377497, "Train Accuracy": 0.5046296296296297, "Validation Loss": 1.1846251487731934, "Validation Accuracy": 0.55, "_timestamp": 1709523282.8719082, "_runtime": 486.9676411151886, "_step": 799, "_wandb": {"runtime": 485}}